Degree Distribution,Degree,count
,1,25709
,2,37326
,3,51042
,4,62072
,5,59781
,6,24523
,7,16799
,8,12131
,9,8801
,10,6863
,11,5155
,12,4067
,13,3262
,14,2544
,15,2029
,16,1693
,17,1468
,18,1152
,19,969
,20,810
,21,727
,22,622
,23,548
,24,474
,25,419
,26,362
,27,316
,28,267
,29,250
,30,224
,31,186
,32,176
,33,147
,34,142
,35,125
,36,120
,37,97
,38,98
,39,95
,40,79
,41,71
,42,68
,43,55
,44,71
,45,53
,46,59
,47,41
,48,51
,49,43
,50,41
,51,30
,52,28
,53,36
,54,34
,55,22
,56,27
,57,27
,58,23
,59,24
,60,14
,61,16
,62,14
,63,19
,64,14
,65,14
,66,13
,67,12
,68,21
,69,12
,70,8
,71,6
,72,7
,73,10
,74,7
,75,5
,76,8
,77,4
,78,1
,79,5
,80,8
,81,4
,82,9
,83,6
,84,2
,85,8
,86,5
,87,4
,88,6
,89,4
,90,4
,91,2
,92,4
,93,3
,94,5
,95,3
,96,5
,97,3
,98,4
,99,4
,100,3
,101,1
,102,2
,104,2
,105,5
,106,1
,107,1
,108,3
,109,1
,110,1
,111,2
,112,2
,114,2
,115,1
,116,2
,117,1
,118,1
,119,3
,120,2
,122,1
,123,4
,124,2
,126,1
,127,1
,128,2
,129,1
,131,1
,136,4
,139,2
,142,3
,144,1
,145,2
,149,2
,151,2
,152,1
,158,1
,160,1
,163,1
,165,1
,171,1
,177,1
,179,1
,180,1
,196,2
,197,1
,205,1
,212,1
,217,1
,219,1
,228,1
,230,1
,257,1
,324,1
,549,1
